dates,GDPC1,CPIAUCSL,FEDFUNDS,M2,BAA10YM,PCEPILFE,PCEPI,UNRATE
1959-01-01,3123.978,28.9933333333333,2.57,287.833333333333,0.88,16.7026666666667,16.0556666666667,5.83333333333333
1959-04-01,3194.429,29.0433333333333,3.08333333333333,292.133333333333,0.696666666666667,16.7923333333333,16.1213333333333,5.1
1959-07-01,3196.683,29.1933333333333,3.57666666666667,296.1,0.613333333333333,16.9043333333333,16.2186666666667,5.26666666666667
1959-10-01,3205.79,29.37,3.99,297.133333333333,0.69,17.0013333333333,16.307,5.6
1960-01-01,3277.847,29.3966666666667,3.93333333333333,298.633333333333,0.823333333333333,17.055,16.3283333333333,5.13333333333333
1960-04-01,3260.177,29.5733333333333,3.69666666666667,301.1,0.986666666666667,17.1196666666667,16.4136666666667,5.23333333333333
1960-07-01,3276.133,29.59,2.93666666666667,306.466666666667,1.27,17.187,16.475,5.53333333333333
1960-10-01,3234.087,29.78,2.29666666666667,310.933333333333,1.21,17.243,16.548,6.26666666666667
1961-01-01,3255.914,29.84,2.00333333333333,316.3,1.27666666666667,17.2723333333333,16.5786666666667,6.8
1961-04-01,3311.181,29.83,1.73333333333333,322.133333333333,1.22666666666667,17.3293333333333,16.5766666666667,7
1961-07-01,3374.742,29.9466666666667,1.68333333333333,327.566666666667,1.12666666666667,17.4046666666667,16.6366666666667,6.76666666666667
1961-10-01,3440.924,29.99,2.4,333.333333333333,1.14,17.447,16.6543333333333,6.2
1962-01-01,3502.298,30.1066666666667,2.45666666666667,340.233333333333,1.04666666666667,17.511,16.7263333333333,5.63333333333333
1962-04-01,3533.947,30.22,2.60666666666667,347.433333333333,1.14,17.5783333333333,16.7856666666667,5.53333333333333
1962-07-01,3577.362,30.3066666666667,2.84666666666667,352.833333333333,1.05666666666667,17.6363333333333,16.8306666666667,5.56666666666667
1962-10-01,3589.128,30.38,2.92333333333333,359.9,1.05333333333333,17.6693333333333,16.8823333333333,5.53333333333333
1963-01-01,3628.306,30.4766666666667,2.96666666666667,367.933333333333,1,17.728,16.9306666666667,5.76666666666667
1963-04-01,3669.02,30.5333333333333,2.96333333333333,375.933333333333,0.89,17.7946666666667,16.9573333333333,5.73333333333333
1963-07-01,3749.681,30.72,3.33,383.566666666667,0.803333333333333,17.8633333333333,17.039,5.5
1963-10-01,3774.264,30.8033333333333,3.45333333333333,391,0.72,17.9496666666667,17.1023333333333,5.56666666666667
1964-01-01,3853.835,30.93,3.46333333333333,397.533333333333,0.65,18.0253333333333,17.183,5.46666666666667
1964-04-01,3895.793,30.98,3.49,404.333333333333,0.65,18.0793333333333,17.2203333333333,5.2
1964-07-01,3956.657,31.05,3.45666666666667,413.466666666667,0.63,18.1296666666667,17.277,5
1964-10-01,3968.878,31.1933333333333,3.57666666666667,421.933333333333,0.636666666666667,18.1753333333333,17.3343333333333,4.96666666666667
1965-01-01,4064.915,31.29,3.97666666666667,430.366666666667,0.583333333333333,18.244,17.3903333333333,4.9
1965-04-01,4116.267,31.49,4.08,437.533333333333,0.613333333333333,18.301,17.478,4.66666666666667
1965-07-01,4207.782,31.5833333333333,4.07666666666667,446.066666666667,0.643333333333333,18.3576666666667,17.5433333333333,4.36666666666667
1965-10-01,4304.731,31.75,4.16666666666667,455.833333333333,0.493333333333333,18.4183333333333,17.5966666666667,4.1
1966-01-01,4409.518,32.0466666666667,4.56,464.6,0.396666666666667,18.511,17.733,3.86666666666667
1966-04-01,4424.581,32.3366666666667,4.91333333333333,470.2,0.71,18.661,17.8776666666667,3.83333333333333
1966-07-01,4462.053,32.6166666666667,5.41,472.966666666667,0.726666666666667,18.815,18.014,3.76666666666667
1966-10-01,4498.66,32.8833333333333,5.56333333333333,477.733333333333,1.13333333333333,18.978,18.1533333333333,3.7
1967-01-01,4538.498,32.9666666666667,4.82333333333333,485.466666666667,1.29666666666667,19.0823333333333,18.2056666666667,3.83333333333333
1967-04-01,4541.28,33.1666666666667,3.99,497.1,1.16,19.21,18.2923333333333,3.83333333333333
1967-07-01,4584.246,33.5,3.89333333333333,510.6,1.08333333333333,19.3846666666667,18.4623333333333,3.8
1967-10-01,4618.812,33.8666666666667,4.17333333333333,521.4,1.08,19.5803333333333,18.621,3.9
1968-01-01,4713.013,34.2,4.79,530.333333333333,1.22,19.803,18.8193333333333,3.73333333333333
1968-04-01,4791.758,34.5333333333333,5.98333333333333,539.066666666667,1.28,20.0336666666667,19.0116666666667,3.56666666666667
1968-07-01,4828.892,35,5.94666666666667,549.533333333333,1.40333333333333,20.258,19.2083333333333,3.53333333333333
1968-10-01,4847.885,35.4333333333333,5.91666666666667,562.266666666667,1.25666666666667,20.4933333333333,19.4213333333333,3.4
1969-01-01,4923.76,35.8666666666667,6.56666666666667,571.866666666667,1.2,20.7173333333333,19.6093333333333,3.4
1969-04-01,4938.728,36.4333333333333,8.32666666666667,576.9,1.23333333333333,20.9653333333333,19.8593333333333,3.43333333333333
1969-07-01,4971.349,36.9333333333333,8.98333333333333,580.566666666667,1.06,21.2073333333333,20.102,3.56666666666667
1969-10-01,4947.104,37.5,8.94,585.566666666667,1.07666666666667,21.4563333333333,20.3343333333333,3.56666666666667
1970-01-01,4939.759,38.1,8.57333333333333,587.733333333333,1.39,21.6903333333333,20.57,4.16666666666667
1970-04-01,4946.77,38.6333333333333,7.88666666666667,591.7,1.26333333333333,21.935,20.798,4.76666666666667
1970-07-01,4992.357,39.0333333333333,6.70666666666667,605.066666666667,1.95,22.1796666666667,21,5.16666666666667
1970-10-01,4938.857,39.6,5.56666666666667,621.333333333333,2.42333333333333,22.491,21.2723333333333,5.83333333333333
1971-01-01,5072.996,39.9333333333333,3.85666666666667,641.266666666667,2.51333333333333,22.7756666666667,21.4736666666667,5.93333333333333
1971-04-01,5100.447,40.3,4.56666666666667,666.033333333333,2.36,23.0356666666667,21.7186666666667,5.9
1971-07-01,5142.422,40.7,5.47666666666667,685.866666666667,2.22,23.2526666666667,21.932,6.03333333333333
1971-10-01,5154.547,41,4.75,704.433333333333,2.52333333333333,23.3856666666667,22.068,5.93333333333333
1972-01-01,5249.337,41.3333333333333,3.54666666666667,725.633333333333,2.2,23.6096666666667,22.3006666666667,5.76666666666667
1972-04-01,5368.485,41.6,4.3,743.8,2.08,23.7693333333333,22.4296666666667,5.7
1972-07-01,5419.184,41.9333333333333,4.74333333333333,768.833333333333,1.88,23.948,22.6266666666667,5.56666666666667
1972-10-01,5509.926,42.3666666666667,5.14666666666667,794.366666666667,1.62,24.0983333333333,22.8106666666667,5.36666666666667
1973-01-01,5646.286,43.0333333333333,6.53666666666667,813.233333333333,1.36333333333333,24.2663333333333,23.086,4.93333333333333
1973-04-01,5707.755,43.9333333333333,7.81666666666667,826.6,1.28666666666667,24.5966666666667,23.5296666666667,4.93333333333333
1973-07-01,5677.738,44.8,10.56,838.2,1.26,24.924,23.958,4.8
1973-10-01,5731.632,45.9333333333333,9.99666666666667,849,1.68333333333333,25.2703333333333,24.4486666666667,4.76666666666667
1974-01-01,5682.353,47.3,9.32333333333333,864.666666666667,1.49,25.7043333333333,25.1756666666667,5.13333333333333
1974-04-01,5695.859,48.5666666666667,11.25,875.1,1.52,26.3433333333333,25.8886666666667,5.2
1974-07-01,5642.025,49.9333333333333,12.09,884.466666666667,1.84666666666667,27.0963333333333,26.5873333333333,5.63333333333333
1974-10-01,5620.126,51.4666666666667,9.34666666666667,898,2.9,27.7583333333333,27.263,6.6
1975-01-01,5551.713,52.5666666666667,6.30333333333333,915.133333333333,3.10666666666667,28.301,27.7763333333333,8.26666666666667
1975-04-01,5591.382,53.2,5.42,948.666666666667,2.58,28.7316666666667,28.1166666666667,8.86666666666667
1975-07-01,5687.087,54.2666666666667,6.16,983.233333333333,2.28666666666667,29.1633333333333,28.6433333333333,8.46666666666667
1975-10-01,5763.665,55.2666666666667,5.41333333333333,1006.96666666667,2.51666666666667,29.638,29.1236666666667,8.3
1976-01-01,5893.276,55.9,4.82666666666667,1038.96666666667,2.50333333333333,30.0886666666667,29.4443333333333,7.73333333333333
1976-04-01,5936.515,56.4,5.19666666666667,1070.16666666667,2.12333333333333,30.449,29.6906666666667,7.56666666666667
1976-07-01,5969.089,57.3,5.28333333333333,1098.6,1.89,30.9263333333333,30.1416666666667,7.73333333333333
1976-10-01,6012.356,58.1333333333333,4.87333333333333,1138.4,2.02333333333333,31.41,30.618,7.76666666666667
1977-01-01,6083.391,59.2,4.66,1177.1,1.75333333333333,31.9383333333333,31.1706666666667,7.5
1977-04-01,6201.659,60.2333333333333,5.15666666666667,1208.8,1.62666666666667,32.427,31.7036666666667,7.13333333333333
1977-07-01,6313.559,61.0666666666667,5.82,1236.63333333333,1.47333333333333,32.9663333333333,32.1806666666667,6.9
1977-10-01,6313.697,61.9666666666667,6.51333333333333,1262.23333333333,1.34666666666667,33.4453333333333,32.6383333333333,6.66666666666667
1978-01-01,6333.848,63.0333333333333,6.75666666666667,1285.8,1.18666666666667,33.967,33.1736666666667,6.33333333333333
1978-04-01,6578.605,64.4666666666667,7.28333333333333,1309.8,1.15,34.553,33.8546666666667,6
1978-07-01,6644.754,65.9666666666667,8.1,1334.2,1.01,35.1456666666667,34.4496666666667,6.03333333333333
1978-10-01,6734.069,67.5,9.58333333333333,1359.13333333333,0.966666666666667,35.777,35.1003333333333,5.9
1979-01-01,6746.176,69.2,10.0733333333333,1379.06666666667,1.05,36.2656666666667,35.7616666666667,5.86666666666667
1979-04-01,6753.389,71.4,10.18,1411.76666666667,1.28,37.0626666666667,36.7383333333333,5.7
1979-07-01,6803.558,73.7,10.9466666666667,1445.16666666667,1.29,37.747,37.6503333333333,5.86666666666667
1979-10-01,6820.572,76.0333333333333,13.5766666666667,1466.66666666667,1.37,38.5346666666667,38.5613333333333,5.96666666666667
1980-01-01,6842.024,79.0333333333333,15.0466666666667,1492.36666666667,1.49333333333333,39.477,39.7193333333333,6.3
1980-04-01,6701.046,81.7,12.6866666666667,1514.56666666667,2.88,40.36,40.691,7.33333333333333
1980-07-01,6693.082,83.2333333333333,9.83666666666667,1560.33333333333,2.21333333333333,41.2586666666667,41.6426666666667,7.66666666666667
1980-10-01,6817.903,85.5666666666667,15.8533333333333,1593.46666666667,2.24666666666667,42.264,42.6733333333333,7.4
1981-01-01,6951.495,87.9333333333333,16.57,1620.73333333333,2.28666666666667,43.2013333333333,43.7803333333333,7.43333333333333
1981-04-01,6899.98,89.7666666666667,17.78,1664.56666666667,2.02,44.018,44.5146666666667,7.4
1981-07-01,6982.609,92.2666666666667,17.5766666666667,1694.06666666667,1.63,44.8286666666667,45.2476666666667,7.4
1981-10-01,6906.529,93.7666666666667,13.5866666666667,1737.8,2.59666666666667,45.6256666666667,45.9413333333333,8.23333333333333
1982-01-01,6799.233,94.6,14.2266666666667,1777.13333333333,2.74,46.294,46.5246666666667,8.83333333333333
1982-04-01,6830.251,95.9666666666667,14.5133333333333,1815.1,2.85,46.9203333333333,46.9726666666667,9.43333333333333
1982-07-01,6804.139,97.6333333333333,11.0066666666667,1845.03333333333,3.13333333333333,47.6723333333333,47.7146666666667,9.9
1982-10-01,6806.857,97.9333333333333,9.28666666666667,1886.43333333333,3.72333333333333,48.336,48.2413333333333,10.6666666666667
1983-01-01,6896.561,98,8.65333333333333,1990.46666666667,3.27,48.9713333333333,48.6396666666667,10.3666666666667
1983-04-01,7053.5,99.1333333333333,8.80333333333333,2041.73333333333,2.70666666666667,49.346,49.0846666666667,10.1333333333333
1983-07-01,7194.504,100.1,9.46,2074,1.9,50.095,49.7296666666667,9.36666666666667
1983-10-01,7344.597,101.1,9.43,2111.66666666667,1.92,50.496,50.058,8.53333333333333
1984-01-01,7488.167,102.533333333333,9.68666666666667,2157.2,1.8,51.0066666666667,50.599,7.86666666666667
1984-04-01,7617.547,103.5,10.5566666666667,2203.63333333333,1.5,51.603,51.089,7.43333333333333
1984-07-01,7690.985,104.4,11.39,2232.76666666667,1.84333333333333,52.0876666666667,51.4826666666667,7.43333333333333
1984-10-01,7754.117,105.3,9.26666666666667,2282.23333333333,1.86333333333333,52.4583333333333,51.8006666666667,7.3
1985-01-01,7829.26,106.266666666667,8.47666666666667,2350.9,1.81,53.174,52.4116666666667,7.23333333333333
1985-04-01,7898.194,107.233333333333,7.92333333333333,2392.5,2.20666666666667,53.6353333333333,52.837,7.3
1985-07-01,8018.809,107.9,7.9,2443.3,2.13333333333333,54.1863333333333,53.2513333333333,7.2
1985-10-01,8078.415,109,8.10333333333333,2479.3,2.21666666666667,54.5746666666667,53.6226666666667,7.03333333333333
1986-01-01,8153.829,109.566666666667,7.82666666666667,2516.03333333333,2.46,55.1646666666667,54.0026666666667,7.03333333333333
1986-04-01,8190.552,109.033333333333,6.92,2582.53333333333,2.67,55.5423333333333,53.9456666666667,7.16666666666667
1986-07-01,8268.935,109.7,6.20666666666667,2646.96666666667,2.87333333333333,55.924,54.2303333333333,6.96666666666667
1986-10-01,8313.338,110.466666666667,6.26666666666667,2705.56666666667,2.83,56.378,54.5583333333333,6.83333333333333
1987-01-01,8375.274,111.8,6.22,2748.36666666667,2.46666666666667,56.7323333333333,55.072,6.6
1987-04-01,8465.63,113.066666666667,6.65,2771.73333333333,2.01333333333333,57.2823333333333,55.6033333333333,6.26666666666667
1987-07-01,8539.075,114.266666666667,6.84333333333333,2788.9,2.03,57.7946666666667,56.1293333333333,6
1987-10-01,8685.694,115.333333333333,6.91666666666667,2820.03333333333,2.25666666666667,58.3823333333333,56.6146666666667,5.83333333333333
1988-01-01,8730.569,116.233333333333,6.66333333333333,2869.5,2.33666666666667,58.9456666666667,57.062,5.7
1988-04-01,8845.28,117.566666666667,7.15666666666667,2925.03333333333,2.07,59.6603333333333,57.6923333333333,5.46666666666667
1988-07-01,8897.107,119,7.98333333333333,2952.03333333333,1.97333333333333,60.3473333333333,58.403,5.46666666666667
1988-10-01,9015.661,120.3,8.47,2977.9,1.55666666666667,61.0216666666667,58.9936666666667,5.33333333333333
1989-01-01,9107.314,121.666666666667,9.44333333333333,2994.53333333333,1.43666666666667,61.6876666666667,59.671,5.2
1989-04-01,9176.827,123.633333333333,9.72666666666667,3015.16666666667,1.59333333333333,62.2486666666667,60.475,5.23333333333333
1989-07-01,9244.816,124.6,9.08333333333333,3073.1,1.78,62.712,60.8316666666667,5.23333333333333
1989-10-01,9263.033,125.866666666667,8.61333333333333,3133.3,1.90666666666667,63.286,61.3103333333333,5.36666666666667
1990-01-01,9364.259,128.033333333333,8.25,3178.7,1.67333333333333,64.015,62.199,5.3
1990-04-01,9398.243,129.3,8.24333333333333,3205.3,1.63333333333333,64.73,62.7633333333333,5.33333333333333
1990-07-01,9404.494,131.533333333333,8.16,3240.36666666667,1.71333333333333,65.3843333333333,63.561,5.7
1990-10-01,9318.876,133.766666666667,7.74333333333333,3264.56666666667,2.2,65.9333333333333,64.4016666666667,6.13333333333333
1991-01-01,9275.276,134.766666666667,6.42666666666667,3304.7,2.18666666666667,66.5183333333333,64.7403333333333,6.6
1991-04-01,9347.597,135.566666666667,5.86333333333333,3342.43333333333,1.79,67.031,65.094,6.83333333333333
1991-07-01,9394.834,136.6,5.64333333333333,3355.33333333333,1.74333333333333,67.6346666666667,65.536,6.86666666666667
1991-10-01,9427.581,137.733333333333,4.81666666666667,3365.93333333333,2.05333333333333,68.1666666666667,66.0116666666667,7.1
1992-01-01,9540.444,138.666666666667,4.02333333333333,3395.03333333333,1.9,68.6883333333333,66.4256666666667,7.36666666666667
1992-04-01,9643.893,139.733333333333,3.77,3397.23333333333,1.75333333333333,69.1736666666667,66.8673333333333,7.6
1992-07-01,9739.185,140.8,3.25666666666667,3401,2.08666666666667,69.5833333333333,67.2936666666667,7.63333333333333
1992-10-01,9840.753,142.033333333333,3.03666666666667,3425,2.12666666666667,70.0933333333333,67.763,7.36666666666667
1993-01-01,9857.185,143.066666666667,3.04,3415.1,2.12333333333333,70.576,68.1666666666667,7.13333333333333
1993-04-01,9914.565,144.1,3,3430.2,2.15,71.1116666666667,68.6243333333333,7.06666666666667
1993-07-01,9961.873,144.766666666667,3.06,3446.63333333333,2.00666666666667,71.5093333333333,68.9226666666667,6.8
1993-10-01,10097.362,145.966666666667,2.99,3467.1,1.94666666666667,71.8773333333333,69.3196666666667,6.63333333333333
1994-01-01,10195.338,146.7,3.21333333333333,3476.9,1.78,72.2036666666667,69.5683333333333,6.56666666666667
1994-04-01,10333.495,147.533333333333,3.94,3483.86666666667,1.51333333333333,72.6896666666667,69.9563333333333,6.2
1994-07-01,10393.898,148.9,4.48666666666667,3486.66666666667,1.50666666666667,73.0956666666667,70.4586666666667,6
1994-10-01,10512.962,149.766666666667,5.16666666666667,3485.96666666667,1.37,73.4666666666667,70.7893333333333,5.63333333333333
1995-01-01,10550.251,150.866666666667,5.81,3491.13333333333,1.39333333333333,73.8516666666667,71.1356666666667,5.46666666666667
1995-04-01,10581.723,152.1,6.02,3524.1,1.61333333333333,74.29,71.5496666666667,5.66666666666667
1995-07-01,10671.738,152.866666666667,5.79666666666667,3586.16666666667,1.73,74.6446666666667,71.8416666666667,5.66666666666667
1995-10-01,10744.203,153.7,5.72,3620.93333333333,1.74666666666667,75.019,72.1576666666667,5.56666666666667
1996-01-01,10824.674,155.066666666667,5.36333333333333,3665.53333333333,1.8,75.3133333333333,72.559,5.53333333333333
1996-04-01,11005.217,156.4,5.24333333333333,3709.93333333333,1.57666666666667,75.6716666666667,73.0446666666667,5.5
1996-07-01,11103.935,157.3,5.30666666666667,3744.83333333333,1.51333333333333,76.017,73.356,5.26666666666667
1996-10-01,11219.238,158.666666666667,5.28,3795.5,1.57333333333333,76.4496666666667,73.8556666666667,5.33333333333333
1997-01-01,11291.665,159.633333333333,5.27666666666667,3847.36666666667,1.50666666666667,76.75,74.182,5.23333333333333
1997-04-01,11479.33,160,5.52333333333333,3890.73333333333,1.49,77.1503333333333,74.3676666666667,5
1997-07-01,11622.911,160.8,5.53333333333333,3951.46666666667,1.51333333333333,77.3303333333333,74.564,4.86666666666667
1997-10-01,11722.722,161.666666666667,5.50666666666667,4013.33333333333,1.53,77.5753333333333,74.7976666666667,4.66666666666667
1998-01-01,11839.876,162,5.52,4086.46666666667,1.66666666666667,77.8036666666667,74.8036666666667,4.63333333333333
1998-04-01,11949.492,162.533333333333,5.5,4162.9,1.65666666666667,78.042,74.9386666666667,4.4
1998-07-01,12099.191,163.366666666667,5.53333333333333,4233.36666666667,1.92333333333333,78.3193333333333,75.1706666666667,4.53333333333333
1998-10-01,12294.737,164.133333333333,4.86,4343.1,2.58,78.5683333333333,75.3686666666667,4.43333333333333
1999-01-01,12410.778,164.733333333333,4.73333333333333,4420,2.42,78.766,75.5173333333333,4.3
1999-04-01,12514.408,165.966666666667,4.74666666666667,4484.4,2.2,79.0393333333333,75.9466666666667,4.26666666666667
1999-07-01,12679.977,167.2,5.09333333333333,4551.3,2.21666666666667,79.3303333333333,76.3643333333333,4.23333333333333
1999-10-01,12888.281,168.433333333333,5.30666666666667,4613.33333333333,2.1,79.7033333333333,76.8283333333333,4.06666666666667
2000-01-01,12935.252,170.1,5.67666666666667,4685.26666666667,1.85,80.121,77.4523333333333,4.03333333333333
2000-04-01,13170.749,171.433333333333,6.27333333333333,4763.93333333333,2.41666666666667,80.4006666666667,77.8213333333333,3.93333333333333
2000-07-01,13183.89,173,6.52,4820.03333333333,2.42666666666667,80.788,78.3226666666667,4
2000-10-01,13262.25,174.233333333333,6.47333333333333,4891.5,2.64666666666667,81.1886666666667,78.7656666666667,3.9
2001-01-01,13219.251,175.9,5.59333333333333,5020.6,2.83,81.7163333333333,79.3493333333333,4.23333333333333
2001-04-01,13301.394,177.133333333333,4.32666666666667,5147.46666666667,2.76666666666667,82.025,79.7206666666667,4.4
2001-07-01,13248.142,177.633333333333,3.49666666666667,5263,2.97,82.237,79.761,4.83333333333333
2001-10-01,13284.881,177.5,2.13333333333333,5383.9,3.15333333333333,82.6336666666667,79.7936666666667,5.5
2002-01-01,13394.91,178.066666666667,1.73333333333333,5477.56666666667,2.88,82.8876666666667,79.9543333333333,5.7
2002-04-01,13477.356,179.466666666667,1.75,5521.13333333333,2.92333333333333,83.344,80.5473333333333,5.83333333333333
2002-07-01,13531.741,180.433333333333,1.74,5625.56666666667,3.36666666666667,83.7876666666667,80.9646666666667,5.73333333333333
2002-10-01,13549.421,181.5,1.44333333333333,5741,3.59333333333333,84.0856666666667,81.342,5.86666666666667
2003-01-01,13619.434,183.366666666667,1.25,5835.56666666667,3.2,84.3453333333333,81.964,5.86666666666667
2003-04-01,13741.107,183.066666666667,1.24666666666667,5951.36666666667,2.85333333333333,84.6653333333333,82.0466666666667,6.13333333333333
2003-07-01,13970.157,184.433333333333,1.01666666666667,6072.1,2.57333333333333,85.0526666666667,82.5866666666667,6.13333333333333
2003-10-01,14131.379,185.133333333333,0.996666666666667,6066.66666666667,2.37666666666667,85.4336666666667,82.993,5.83333333333333
2004-01-01,14212.34,186.7,1.00333333333333,6113.3,2.25333333333333,85.9036666666667,83.6326666666667,5.7
2004-04-01,14323.017,188.166666666667,1.01,6243.26666666667,2.06333333333333,86.3943333333333,84.1956666666667,5.6
2004-07-01,14457.832,189.366666666667,1.43333333333333,6313.4,2.14666666666667,86.704,84.6096666666667,5.43333333333333
2004-10-01,14605.595,191.4,1.95,6397.13333333333,2.01333333333333,87.174,85.333,5.43333333333333
2005-01-01,14767.846,192.366666666667,2.47,6433.06666666667,1.67,87.794,85.8293333333333,5.3
2005-04-01,14839.707,193.666666666667,2.94333333333333,6478.33333333333,1.81333333333333,88.2293333333333,86.3713333333333,5.1
2005-07-01,14956.291,196.6,3.46,6570.63333333333,1.76666666666667,88.5733333333333,87.3036666666667,4.96666666666667
2005-10-01,15041.232,198.433333333333,3.98,6658.5,1.84666666666667,89.1646666666667,87.999,4.96666666666667
2006-01-01,15244.088,199.466666666667,4.45666666666667,6745.26666666667,1.73666666666667,89.6813333333333,88.4563333333333,4.73333333333333
2006-04-01,15281.525,201.266666666667,4.90666666666667,6817.3,1.66666666666667,90.3956666666667,89.2323333333333,4.63333333333333
2006-07-01,15304.517,203.166666666667,5.24666666666667,6915.86666666667,1.69666666666667,90.8826666666667,89.8746666666667,4.63333333333333
2006-10-01,15433.643,202.333333333333,5.24666666666667,7031.1,1.65,91.274,89.726,4.43333333333333
2007-01-01,15478.956,204.317,5.25666666666667,7131.33333333333,1.61666666666667,91.904,90.5463333333333,4.5
2007-04-01,15577.779,206.631,5.25,7251.76666666667,1.64666666666667,92.2863333333333,91.315,4.5
2007-07-01,15671.605,207.939,5.07333333333333,7365.76666666667,1.9,92.7393333333333,91.8313333333333,4.66666666666667
2007-10-01,15767.146,210.489666666667,4.49666666666667,7443.53333333333,2.25,93.3806666666667,92.765,4.8
2008-01-01,15702.906,212.769666666667,3.17666666666667,7584.1,3.08666666666667,93.875,93.5196666666667,5
2008-04-01,15792.773,215.537666666667,2.08666666666667,7713.1,3.10333333333333,94.2696666666667,94.4306666666667,5.33333333333333
2008-07-01,15709.562,218.861,1.94,7808.36666666667,3.34333333333333,94.7506666666667,95.438,6
2008-10-01,15366.607,213.848666666667,0.506666666666667,8057.73333333333,5.58666666666667,94.6756666666667,93.9143333333333,6.86666666666667
2009-01-01,15187.475,212.377666666667,0.183333333333333,8315.36666666667,5.47666666666667,94.6746666666667,93.2796666666667,8.26666666666667
2009-04-01,15161.772,213.507,0.18,8414.7,4.67,95.046,93.6506666666667,9.3
2009-07-01,15216.647,215.344,0.156666666666667,8444.76666666667,3.14333333333333,95.3826666666667,94.296,9.63333333333333
2009-10-01,15379.155,217.03,0.12,8489.3,2.86666666666667,95.977,95.0236666666667,9.93333333333333
2010-01-01,15456.059,217.374,0.133333333333333,8490,2.57,96.305,95.391,9.83333333333333
2010-04-01,15605.628,217.297333333333,0.193333333333333,8578.03333333333,2.68666666666667,96.565,95.5386666666667,9.63333333333333
2010-07-01,15726.282,217.934333333333,0.186666666666667,8662.66666666667,2.99,96.7133333333333,95.723,9.46666666666667
2010-10-01,15807.995,219.699,0.186666666666667,8773.73333333333,3.05,97.0186666666667,96.3356666666667,9.5
2011-01-01,15769.911,222.043666666667,0.156666666666667,8884.5,2.63,97.4453333333333,97.1453333333333,9.03333333333333
2011-04-01,15876.839,224.568333333333,0.0933333333333333,9077.13333333333,2.64,98.015,98.1,9.06666666666667
2011-07-01,15870.684,226.032666666667,0.0833333333333333,9450.83333333333,3.03666666666667,98.462,98.5533333333333,9
2011-10-01,16048.702,227.047333333333,0.0733333333333333,9611.6,3.20666666666667,98.813,98.879,8.63333333333333
2012-01-01,16179.968,228.326,0.103333333333333,9783.2,3.16333333333333,99.4363333333333,99.5343333333333,8.26666666666667
2012-04-01,16253.726,228.808,0.153333333333333,9937.43333333333,3.27,99.8476666666667,99.7746666666667,8.2
2012-07-01,16282.151,229.841,0.143333333333333,10124.6333333333,3.23,100.136333333333,100.064666666667,8.03333333333333
2012-10-01,16300.035,231.369333333333,0.16,10354.8666666667,2.86666666666667,100.579,100.626333333333,7.8
2013-01-01,16441.485,232.299333333333,0.143333333333333,10514.1666666667,2.86,100.982666666667,100.988666666667,7.73333333333333
2013-04-01,16464.402,232.045,0.116666666666667,10628.6666666667,2.84,101.291,101.060666666667,7.53333333333333
2013-07-01,16594.743,233.3,0.0833333333333333,10777.4,2.69333333333333,101.683666666667,101.471333333333,7.23333333333333
2013-10-01,16712.76,234.162666666667,0.0866666666666667,10988.7666666667,2.61,102.180666666667,101.895666666667,6.93333333333333
2014-01-01,16654.247,235.621,0.0733333333333333,11155.9,2.35333333333333,102.533,102.386333333333,6.66666666666667
2014-04-01,16868.109,236.872333333333,0.0933333333333333,11317.8666666667,2.19666666666667,103.04,102.898666666667,6.2
2014-07-01,17064.616,237.478333333333,0.09,11462.8666666667,2.24333333333333,103.437666666667,103.19,6.06666666666667
2014-10-01,17141.235,236.888333333333,0.1,11618.5666666667,2.46,103.735333333333,103.071666666667,5.7
2015-01-01,17280.647,235.355,0.11,11837.1333333333,2.53333333333333,103.938666666667,102.643333333333,5.53333333333333
2015-04-01,17380.875,236.96,0.123333333333333,11962.8333333333,2.66666666666667,104.384,103.140666666667,5.43333333333333
2015-07-01,17437.08,237.855,0.136666666666667,12104.6666666667,3.02333333333333,104.698666666667,103.390666666667,5.1
2015-10-01,17462.579,237.837,0.16,12275.7666666667,3.23,104.926,103.288,5.03333333333333
2016-01-01,17565.465,237.689333333333,0.36,12547.7666666667,3.38666666666667,105.364666666667,103.343,4.9
2016-04-01,17618.581,239.590333333333,0.373333333333333,12765.3333333333,2.91333333333333,105.937,103.991666666667,4.93333333333333
2016-07-01,17724.489,240.607333333333,0.396666666666667,12964.7,2.69333333333333,106.430666666667,104.382333333333,4.9
2016-10-01,17812.56,242.134666666667,0.45,13162.4333333333,2.51,106.818333333333,104.876333333333,4.76666666666667
2017-01-01,17889.094,243.838666666667,0.7,13356.3666666667,2.21666666666667,107.327666666667,105.496666666667,4.56666666666667
2017-04-01,17979.218,244.12,0.95,13527.4,2.23333333333333,107.738333333333,105.757666666667,4.36666666666667
2017-07-01,18127.994,245.287,1.15333333333333,13670.1,2.09,108.076666666667,106.142,4.33333333333333
2017-10-01,18310.3,247.238333333333,1.20333333333333,13809.3,1.9,108.607666666667,106.817666666667,4.16666666666667
2018-01-01,18437.127,249.321666666667,1.44666666666667,13917.4,1.71,109.317666666667,107.588,4.03333333333333
2018-04-01,18565.697,250.679,1.73666666666667,14046.5333333333,1.85666666666667,109.926333333333,108.166,3.93333333333333
2018-07-01,18699.748,251.686333333333,1.92333333333333,14177.8,1.88666666666667,110.313666666667,108.552333333333,3.76666666666667
2018-10-01,18733.741,252.711,2.22,14274,2.10666666666667,110.822,108.961333333333,3.83333333333333
2019-01-01,18835.411,253.414,2.40333333333333,14469.9333333333,2.31666666666667,111.230333333333,109.188666666667,3.86666666666667
2019-04-01,18962.175,255.22,2.39666666666667,14647.3,2.26333333333333,111.807666666667,109.857,3.63333333333333
2019-07-01,19130.932,256.085,2.19,14921.1,2.22333333333333,112.255333333333,110.144333333333,3.63333333333333
2019-10-01,19215.691,257.887666666667,1.64333333333333,15234.5666666667,2.12,112.597333333333,110.542666666667,3.6
2020-01-01,18989.877,258.803,1.26,15608.3333333333,2.51333333333333,113.119,110.946,3.8
2020-04-01,17378.712,256.315333333333,0.06,17660.1333333333,3.22,112.846,110.445333333333,12.9666666666667
2020-07-01,18743.72,259.239333333333,0.0933333333333333,18403.2,2.66333333333333,113.728666666667,111.365333333333,8.83333333333333
2020-10-01,18924.262,261.044666666667,0.09,18930.9333333333,2.43666666666667,114.162333333333,111.821333333333,6.76666666666667
2021-01-01,19216.224,263.734,0.08,19599.4333333333,2.15,115.071333333333,113.058666666667,6.2
2021-04-01,19544.248,268.557666666667,0.07,20351.5,1.96333333333333,116.774,114.838333333333,5.93333333333333
2021-07-01,19672.594,272.887333333333,0.09,20825.0333333333,1.91333333333333,118.152,116.412666666667,5.13333333333333
2021-10-01,20006.181,278.706666666667,0.08,21327.2666666667,1.77666666666667,119.555,118.173333333333,4.2
2022-01-01,19924.088,284.893666666667,0.12,21609.9333333333,2.00666666666667,121.205666666667,120.322666666667,3.8
2022-04-01,19895.271,291.535666666667,0.77,21669.7,2.08666666666667,122.592,122.458333333333,3.6
2022-07-01,20054.663,295.495666666667,2.19,21629.5666666667,2.24333333333333,123.996666666667,123.759666666667,3.56666666666667
2022-10-01,20182.491,298.525,3.65333333333333,21397.5,2.14333333333333,125.340333333333,124.902,3.6
2023-01-01,20282.76,301.330666666667,4.51666666666667,21065.5333333333,1.95333333333333,126.842,126.166333333333,3.5
2023-04-01,20386.467,303.351,4.99,20814.4666666667,2.09,127.995333333333,126.988333333333,3.56666666666667
